,Accuracy,Precision,Recall,F1
ComplementNB (Category),0.722,0.782190471694005,0.722,0.7300686025761657
LinearSVC (Category),0.722,0.7248477818044416,0.722,0.7207944798731315
LogisticRegression (Category),0.73,0.73648685558211,0.73,0.7268411979817617
RandomForest (Priority),0.792,0.7982925113524835,0.792,0.7859969483299192
XGBoost (Priority),0.818,0.8168102613304519,0.818,0.8143213754098204
